id;first_name;last_name;picture_path;birth_date;birth_town;short_description;long_description
1;Brooks;Grimes;Car Industrial deliverables;2019-06-20;24 hour;overriding;monitor 1080p Checking Account
2;Tierra;Hermiston;Frozen IB;2019-06-19;archive Fantastic Plastic Chicken;payment;withdrawal COM
3;Jannie;Homenick;Developer;2019-06-19;hard drive Robust Networked;Poland;Small partnerships
4;Collin;Bartell;withdrawal knowledge base Buckinghamshire;2019-06-19;Phased;Saint Lucia white;Generic neutral Salad
5;Toby;Mueller;modular Refined Squares;2019-06-20;e-business;Ghana back-end National;Direct
6;Donnie;Farrell;synergies copying;2019-06-19;Games;Iraq Bedfordshire;Concrete 24/7 Directives
7;Enola;Emmerich;Oklahoma facilitate;2019-06-20;Versatile Exclusive Moroccan Dirham;capability zero tolerance Computers;Analyst paradigms
8;Alexanne;Gottlieb;Investor Public-key;2019-06-20;Berkshire Designer;Credit Card Account;navigate
9;David;Fisher;cross-platform Point Orchestrator;2019-06-20;bypassing optical;installation;Argentine Peso
10;Ryann;McLaughlin;Algerian Dinar;2019-06-20;Buckinghamshire Future-proofed deposit;Quality;synthesize Creative
