id;token;entity_name;valid_to
1;mobile Fish;Home Loan Account Table Computer;2019-06-20
2;FTP Savings Account;deposit Tasty Metal Bacon Implementation;2019-06-20
3;Officer;methodology Albania;2019-06-20
4;intangible;enable Gorgeous Frozen Pants;2019-06-20
5;Licensed Savings Account;Cambridgeshire Mississippi;2019-06-20
6;Credit Card Account Table Small Frozen Sausages;South Dakota envisioneer Music;2019-06-20
7;Monitored Bahamian Dollar Investment Account;Games Regional Digitized;2019-06-19
8;hardware Costa Rica Mayotte;Industrial;2019-06-19
9;Views e-enable Communications;National Awesome sky blue;2019-06-20
10;software scale interactive;Louisiana Specialist Home Loan Account;2019-06-20
